<?xml version="1.0" encoding="UTF-8"?>
<project-private xmlns="http://www.netbeans.org/ns/project-private/1">
    <editor-bookmarks xmlns="http://www.netbeans.org/ns/editor-bookmarks/2" lastBookmarkId="0"/>
    <open-files xmlns="http://www.netbeans.org/ns/projectui-open-files/2">
        <group>
            <file>file:/C:/Users/luiz.maia/Documents/NetBeansProjects/Heranca-Banco/src/heranca/banco/ContaPoupanca.java</file>
            <file>file:/C:/Users/luiz.maia/Documents/NetBeansProjects/Heranca-Banco/src/heranca/banco/HerancaBanco.java</file>
            <file>file:/C:/Users/luiz.maia/Documents/NetBeansProjects/Heranca-Banco/src/heranca/banco/Pessoa.java</file>
            <file>file:/C:/Users/luiz.maia/Documents/NetBeansProjects/Heranca-Banco/src/heranca/banco/ContaSalario.java</file>
            <file>file:/C:/Users/luiz.maia/Documents/NetBeansProjects/Heranca-Banco/src/heranca/banco/ContaBancaria.java</file>
        </group>
    </open-files>
</project-private>
